data;horario;n_da_ocorrencia;tipo_de_ocorrencia;km;trecho;sentido;tipo_de_acidente;automovel;bicicleta;caminhao;moto;onibus;outros;tracao_animal;transporte_de_cargas_especiais;trator_maquinas;utilitarios;ilesos;levemente_feridos;moderadamente_feridos;gravemente_feridos;mortos
"04/06/2023";"03:53:00";"240";"AC01-ACIDE";"101.784";"BR-163/PA";"Sul";"Tombamento";0;0;1;0;0;2;0;0;0;0;2;0;1;0;1
"04/06/2023";"03:56:00";"241";"AC02-ACIDE";"1110.84";"BR-230/PA";"Leste";"Colisão Lateral";0;0;2;0;0;5;0;0;0;0;6;1;0;0;0
"04/06/2023";"06:49:00";"275";"AC03-ACIDE";"117";"BR-163/PA";"Norte";"Capotamento";0;0;0;0;0;0;0;0;0;1;1;0;0;0;0
"04/06/2023";"08:03:00";"281";"AC03-ACIDE";"1038";"BR-163/MT";"Norte";"Colisão Lateral";1;0;0;1;0;0;0;0;0;0;2;0;0;0;0
"04/06/2023";"10:05:00";"298";"AC03-ACIDE";"409.396";"BR-163/PA";"Norte";"Colisão Traseira";0;0;0;0;0;2;0;0;0;0;2;0;0;0;0
"05/06/2023";"08:05:00";"85";"AC01-ACIDE";"399";"BR-163/PA";"Sul";"Engavetamento";0;0;2;1;0;0;0;0;0;0;1;2;0;0;2
"05/06/2023";"06:01:00";"231";"AC02-ACIDE";"1023.52";"BR-163/MT";"Sul";"Atropelamento - Ciclista";0;1;0;1;0;0;0;0;0;0;1;1;0;0;0
"06/06/2023";"02:22:00";"140";"AC02-ACIDE";"928.169";"BR-163/MT";"Norte";"Colisão Traseira";0;0;2;0;0;0;0;0;0;0;0;2;0;0;0
"06/06/2023";"04:19:00";"163";"AC02-ACIDE";"1032.84";"BR-163/MT";"Norte";"Capotamento";1;0;0;0;0;0;0;0;0;0;0;1;0;0;0
"07/06/2023";"12:59:00";"5";"AC02-ACIDE";"133";"BR-163/PA";"Sul";"Capotamento";0;0;0;0;0;0;0;0;0;1;0;2;1;0;0
"07/06/2023";"03:31:00";"18";"AC02-ACIDE";"509.78";"BR-163/PA";"Sul";"Saida de Pista";0;0;0;0;0;0;0;0;0;1;0;1;0;0;0
"07/06/2023";"02:31:00";"134";"AC02-ACIDE";"342.422";"BR-163/PA";"Sul";"Saida de Pista";1;0;0;0;0;0;0;0;0;0;0;1;0;0;0
"07/06/2023";"07:05:00";"161";"AC02-ACIDE";"144.01";"BR-163/PA";"Norte";"Capotamento";1;0;0;0;0;0;0;0;0;0;0;1;0;0;0
"08/06/2023";"04:14:00";"21";"AC02-ACIDE";"1036";"BR-163/MT";"Norte";"Colisão Traseira";0;0;1;1;0;0;0;0;0;0;1;1;0;0;0
"08/06/2023";"08:01:00";"98";"AC02-ACIDE";"236.761";"BR-163/PA";"Norte";"Colisão Lateral";1;0;1;0;0;2;0;0;0;0;2;2;0;0;0
"08/06/2023";"10:16:00";"155";"AC02-ACIDE";"656.4";"BR-163/PA";"Sul";"Tombamento";0;0;1;0;0;2;0;0;0;0;2;1;0;0;0
"08/06/2023";"04:29:00";"259";"AC03-ACIDE";"250.266";"BR-163/PA";"Norte";"Tombamento";0;0;1;0;0;2;0;0;0;0;3;0;0;0;0
"09/06/2023";"04:54:00";"39";"AC03-ACIDE";"973.48";"BR-163/MT";"Norte";"Atropelamento de Animal";1;0;0;0;0;0;0;0;0;0;4;0;0;0;0
"09/06/2023";"07:04:00";"57";"AC02-ACIDE";"253.506";"BR-163/PA";"Norte";"Colisão Lateral";0;0;1;1;0;0;0;0;0;0;0;2;0;0;0
"09/06/2023";"07:24:00";"247";"AC02-ACIDE";"372.753";"BR-163/PA";"Norte";"Queda de Moto";0;0;0;1;0;0;0;0;0;0;0;2;0;0;0
"10/06/2023";"03:51:00";"28";"AC02-ACIDE";"590.899";"BR-163/PA";"Norte";"Colisão Lateral";0;0;2;0;0;2;0;0;0;0;2;3;0;0;0
"10/06/2023";"04:06:00";"30";"AC02-ACIDE";"295.282";"BR-163/PA";"Norte";"Colisão Lateral";1;0;1;0;0;0;0;0;0;0;1;1;0;0;0
"10/06/2023";"06:15:00";"42";"AC03-ACIDE";"922.095";"BR-163/MT";"Norte";"Saida de Pista";0;0;1;0;0;0;0;0;0;0;1;0;0;0;0
"10/06/2023";"03:00:00";"120";"AC02-ACIDE";"44.153";"BR-163/PA";"Norte";"Tombamento";0;0;1;0;0;2;0;0;0;0;2;1;0;0;0
"10/06/2023";"05:01:00";"131";"AC02-ACIDE";"104.08";"BR-163/PA";"Norte";"Tombamento";0;0;1;0;0;0;0;0;0;0;0;1;0;0;0
"10/06/2023";"06:35:00";"133";"AC03-ACIDE";"123";"BR-163/PA";"Sul";"Saida de Pista";1;0;0;0;0;0;0;0;0;0;1;0;0;0;0
"11/06/2023";"02:33:00";"20";"AC02-ACIDE";"515.2";"BR-163/PA";"Norte";"Capotamento";1;0;0;0;0;0;0;0;0;0;0;3;0;0;0
"11/06/2023";"06:26:00";"30";"AC03-ACIDE";"547.332";"BR-163/PA";"Norte";"Tombamento";0;0;1;0;0;2;0;0;0;0;3;0;0;0;0
"11/06/2023";"06:13:00";"136";"AC02-ACIDE";"1030.52";"BR-163/MT";"Norte";"Colisão Lateral";1;0;0;1;0;0;0;0;0;0;0;2;0;0;0
"11/06/2023";"06:28:00";"140";"AC01-ACIDE";"591.482";"BR-163/PA";"Sul";"Capotamento";1;0;1;0;0;0;0;0;0;0;0;1;0;0;2
"11/06/2023";"06:41:00";"141";"AC02-ACIDE";"323.956";"BR-163/PA";"Sul";"Colisão Traseira";0;0;0;1;0;0;0;0;0;1;1;2;0;0;0
"11/06/2023";"07:26:00";"146";"AC02-ACIDE";"1061.41";"BR-163/MT";"Norte";"Colisão Lateral";1;0;0;0;0;0;0;0;0;1;0;6;0;0;0
"12/06/2023";"10:56:00";"158";"AC02-ACIDE";"884.282";"BR-163/MT";"Sul";"Saida de Pista";0;0;1;0;0;0;0;0;0;0;0;1;0;0;0
"12/06/2023";"03:24:00";"211";"AC03-ACIDE";"1098.39";"BR-163/MT";"Sul";"Engavetamento";0;0;1;0;0;1;0;0;0;1;3;0;0;0;0
"12/06/2023";"03:46:00";"215";"AC02-ACIDE";"413";"BR-163/PA";"Norte";"Tombamento";0;0;0;0;1;0;0;0;0;0;0;1;0;0;0
"12/06/2023";"04:14:00";"220";"AC03-ACIDE";"897";"BR-163/MT";"Norte";"Colisão Traseira";1;0;1;0;0;0;0;0;0;0;2;0;0;0;0
"12/06/2023";"04:39:00";"227";"AC01-ACIDE";"271";"BR-163/PA";"Sul";"Colisão Traseira";0;0;0;1;0;0;0;0;0;1;3;0;0;0;1
"12/06/2023";"05:23:00";"232";"AC02-ACIDE";"547.21";"BR-163/PA";"Norte";"Tombamento";0;0;1;0;0;2;0;0;0;0;2;1;0;0;0
"13/06/2023";"07:34:00";"60";"AC02-ACIDE";"312.253";"BR-163/PA";"Norte";"Colisão Frontal";1;0;0;1;0;0;0;0;0;0;0;2;0;0;0
"13/06/2023";"10:11:00";"116";"AC03-ACIDE";"1063.97";"BR-163/MT";"Norte";"Colisão Traseira";1;0;0;0;0;0;0;0;0;1;3;0;0;0;0
"13/06/2023";"03:15:00";"179";"AC02-ACIDE";"284";"BR-163/PA";"Norte";"Queda de Moto";0;0;0;1;0;0;0;0;0;0;0;1;1;0;0
"13/06/2023";"03:53:00";"190";"AC02-ACIDE";"1110.88";"BR-230/PA";"Leste";"Colisão Lateral";0;0;2;0;0;5;0;0;0;0;6;1;0;0;0
"13/06/2023";"05:18:00";"199";"AC02-ACIDE";"1115.91";"BR-230/PA";"Leste";"Colisão Lateral";0;0;1;0;0;2;0;0;0;0;2;1;0;0;0
"14/06/2023";"10:17:00";"125";"AC02-ACIDE";"912";"BR-163/MT";"Norte";"Colisão Traseira";0;0;2;0;0;0;0;0;0;0;1;1;0;0;0
"14/06/2023";"11:28:00";"149";"AC02-ACIDE";"423.3";"BR-163/PA";"Norte";"Tombamento";0;0;1;0;0;2;0;0;0;0;2;1;0;0;0
"14/06/2023";"02:05:00";"176";"AC03-ACIDE";"311";"BR-163/PA";"Norte";"Colisão Traseira";0;0;0;0;0;0;0;0;0;2;2;0;0;0;0
"15/06/2023";"05:46:00";"20";"AC02-ACIDE";"610.358";"BR-163/PA";"Norte";"Choque - Defensa, barreira ou meio fio";0;0;1;0;0;2;0;0;0;0;2;1;0;0;0
"15/06/2023";"06:39:00";"27";"AC03-ACIDE";"921.307";"BR-163/MT";"Sul";"Saida de Pista";1;0;0;0;0;0;0;0;0;0;1;0;0;0;0
"15/06/2023";"08:08:00";"74";"AC02-ACIDE";"1029.91";"BR-163/MT";"Norte";"Colisão Transversal";1;0;0;1;0;0;0;0;0;0;0;2;0;0;0
"15/06/2023";"07:52:00";"160";"AC02-ACIDE";"513.122";"BR-163/PA";"Norte";"Saida de Pista";1;0;0;0;0;0;0;0;0;0;3;1;0;0;0
"15/06/2023";"09:54:00";"167";"AC03-ACIDE";"146.9";"BR-163/PA";"Sul";"Atropelamento de Animal";0;0;0;0;0;0;0;0;0;1;2;0;0;0;0
"16/06/2023";"10:01:00";"152";"AC02-ACIDE";"945.165";"BR-163/MT";"Sul";"Saida de Pista";0;0;1;0;0;0;0;0;0;0;0;1;0;0;0
"16/06/2023";"02:28:00";"211";"AC02-ACIDE";"105";"BR-163/PA";"Norte";"Tombamento";0;0;1;0;0;0;0;0;0;0;0;0;1;0;0
"16/06/2023";"09:35:00";"260";"AC03-ACIDE";"207";"BR-163/PA";"Sul";"Colisão Traseira";0;0;1;0;0;0;0;0;0;1;2;0;0;0;0
"17/06/2023";"02:11:00";"21";"AC02-ACIDE";"652.491";"BR-163/PA";"Norte";"Tombamento";0;0;1;0;0;2;0;0;0;0;3;1;0;0;0
"17/06/2023";"05:14:00";"30";"AC02-ACIDE";"263.543";"BR-163/PA";"Norte";"Tombamento";0;0;1;0;0;2;0;0;0;0;2;1;0;0;0
"17/06/2023";"05:50:00";"32";"AC02-ACIDE";"857";"BR-163/MT";"Norte";"Tombamento";0;0;1;0;0;0;0;0;0;0;0;1;0;0;0
"17/06/2023";"09:28:00";"87";"AC02-ACIDE";"29";"BR-163/PA";"Norte";"Colisão Traseira";0;0;2;0;0;0;0;0;0;0;0;2;0;0;0
"17/06/2023";"10:11:00";"98";"AC02-ACIDE";"37";"BR-163/PA";"Norte";"Colisão Lateral";0;0;2;0;0;0;0;0;0;0;0;3;0;0;0
"17/06/2023";"09:01:00";"253";"AC01-ACIDE";"913";"BR-163/MT";"Norte";"Colisão Frontal";1;0;0;0;0;0;0;0;0;1;0;1;0;1;2
"18/06/2023";"06:38:00";"34";"AC02-ACIDE";"1097.19";"BR-230/PA";"Oeste";"Tombamento";0;0;1;0;0;0;0;0;0;0;0;1;0;0;0
"18/06/2023";"02:21:00";"119";"AC02-ACIDE";"59.109";"BR-163/PA";"Norte";"Tombamento";0;0;1;0;0;2;0;0;0;0;2;1;0;0;0
"18/06/2023";"06:32:00";"149";"AC02-ACIDE";"938";"BR-163/MT";"Norte";"Colisão Frontal";2;0;0;0;0;0;0;0;0;0;0;7;0;0;0
"18/06/2023";"06:56:00";"152";"AC03-ACIDE";"413.217";"BR-163/PA";"Sul";"Colisão Lateral";1;0;2;0;0;3;0;0;0;0;7;0;0;0;0
"18/06/2023";"07:34:00";"159";"AC03-ACIDE";"856.747";"BR-163/MT";"Sul";"Colisão Traseira";1;0;0;0;0;0;0;0;0;1;3;0;0;0;0
"18/06/2023";"09:39:00";"170";"AC01-ACIDE";"302.156";"BR-163/PA";"Norte";"Choque - Outros";0;0;0;1;0;0;0;0;0;0;0;0;0;0;1
"19/06/2023";"02:52:00";"160";"AC02-ACIDE";"259.95";"BR-163/PA";"Sul";"Tombamento";0;0;1;0;0;0;0;0;0;0;0;2;0;0;0
"19/06/2023";"04:17:00";"173";"AC03-ACIDE";"923.639";"BR-163/MT";"Norte";"Colisão Traseira";1;0;0;0;0;0;0;0;0;1;6;0;0;0;0
"20/06/2023";"07:02:00";"38";"AC02-ACIDE";"494.5";"BR-163/PA";"Sul";"Colisão Lateral";0;0;2;0;0;4;0;0;0;0;4;3;0;0;0
"20/06/2023";"02:18:00";"183";"AC02-ACIDE";"415";"BR-163/PA";"Norte";"Engavetamento";0;0;3;0;0;0;0;0;0;0;1;2;0;0;0
"20/06/2023";"04:13:00";"205";"AC02-ACIDE";"938.591";"BR-163/MT";"Norte";"Colisão Traseira";1;0;1;0;0;0;0;0;0;0;2;1;0;0;0
"21/06/2023";"06:23:00";"33";"AC02-ACIDE";"622";"BR-163/PA";"Norte";"Tombamento";0;0;1;0;0;0;0;0;0;0;0;1;0;0;0
"21/06/2023";"07:03:00";"48";"AC01-ACIDE";"1049";"BR-163/MT";"Sul";"Saida de Pista";0;0;0;0;0;0;0;0;0;1;0;0;0;0;1
"21/06/2023";"09:04:00";"113";"AC02-ACIDE";"313.146";"BR-163/PA";"Norte";"Saida de Pista";1;0;1;0;0;0;0;0;0;0;0;2;0;0;0
"21/06/2023";"11:55:00";"192";"AC02-ACIDE";"1012.42";"BR-163/MT";"Sul";"Engavetamento";0;0;3;0;0;0;0;0;0;0;0;3;0;0;0
"21/06/2023";"02:14:00";"212";"AC03-ACIDE";"870";"BR-163/MT";"Sul";"Colisão Lateral";0;0;1;0;0;1;0;0;0;1;3;0;0;0;0
"22/06/2023";"08:16:00";"76";"AC02-ACIDE";"670";"BR-163/PA";"Norte";"Colisão Traseira";0;0;2;0;0;0;0;0;0;0;1;1;0;0;0
"22/06/2023";"10:33:00";"133";"AC02-ACIDE";"1098";"BR-230/PA";"Oeste";"Colisão Traseira";0;0;2;0;0;4;0;0;0;0;4;1;1;0;0
"22/06/2023";"11:11:00";"138";"AC03-ACIDE";"976.231";"BR-163/MT";"Norte";"Tombamento";0;0;1;0;0;1;0;0;0;0;2;0;0;0;0
"23/06/2023";"03:29:00";"14";"AC03-ACIDE";"18.075";"BR-163/PA";"Norte";"Saida de Pista";1;0;0;0;0;0;0;0;0;0;1;0;0;0;0
"23/06/2023";"06:32:00";"226";"AC03-ACIDE";"975.042";"BR-163/MT";"Sul";"Colisão Traseira";1;0;0;0;0;1;0;0;0;0;2;0;0;0;0
"24/06/2023";"10:51:00";"178";"AC03-ACIDE";"930";"BR-163/MT";"Norte";"Capotamento";1;0;0;0;0;0;0;0;0;0;2;0;0;0;0
"24/06/2023";"03:11:00";"236";"AC03-ACIDE";"402.555";"BR-163/PA";"Norte";"Tombamento";0;0;1;0;0;2;0;0;0;0;3;0;0;0;0
"24/06/2023";"04:34:00";"260";"AC03-ACIDE";"646.784";"BR-163/PA";"Norte";"Saida de Pista";0;0;1;0;0;0;0;0;0;0;1;0;0;0;0
"24/06/2023";"05:28:00";"272";"AC02-ACIDE";"973.346";"BR-163/MT";"Norte";"Saida de Pista";0;0;0;0;0;0;0;0;0;1;0;1;0;0;0
"24/06/2023";"06:43:00";"278";"AC02-ACIDE";"1027";"BR-163/MT";"Sul";"Queda de Moto";0;0;0;1;0;0;0;0;0;0;0;1;0;0;0
"24/06/2023";"07:04:00";"279";"AC01-ACIDE";"1037.57";"BR-163/MT";"Sul";"Atropelamento - Ciclista";0;1;0;0;0;1;0;0;0;0;1;0;0;0;1
"25/06/2023";"01:18:00";"201";"AC01-ACIDE";"546.321";"BR-163/PA";"Norte";"Colisão Lateral";0;0;2;0;1;0;0;0;0;0;31;1;2;0;2
"26/06/2023";"06:49:00";"37";"AC02-ACIDE";"955.585";"BR-163/MT";"Sul";"Colisão Lateral";1;0;1;0;0;0;0;0;0;0;1;1;0;0;0
"26/06/2023";"03:06:00";"172";"AC02-ACIDE";"108.146";"BR-163/PA";"Sul";"Colisão Traseira";0;0;2;0;0;4;0;0;0;0;4;2;0;0;0
"27/06/2023";"05:42:00";"35";"AC02-ACIDE";"926.867";"BR-163/MT";"Norte";"Colisão Traseira";1;0;2;0;0;0;0;0;0;0;1;2;1;0;0
"27/06/2023";"07:32:00";"48";"AC02-ACIDE";"225";"BR-163/PA";"Norte";"Tombamento";0;0;1;0;0;2;0;0;0;0;2;1;0;0;0
"27/06/2023";"08:58:00";"68";"AC03-ACIDE";"919.127";"BR-163/MT";"Norte";"Colisão Traseira";0;0;2;0;0;0;0;0;0;0;2;0;0;0;0
"27/06/2023";"09:32:00";"81";"AC02-ACIDE";"923.065";"BR-163/MT";"Sul";"Colisão Traseira";0;0;1;0;1;1;0;0;0;0;1;2;0;0;0
"27/06/2023";"05:34:00";"171";"AC03-ACIDE";"656.8";"BR-163/PA";"Norte";"Tombamento";0;0;1;0;0;1;0;0;0;0;2;0;0;0;0
"28/06/2023";"04:08:00";"254";"AC02-ACIDE";"1089";"BR-163/MT";"Sul";"Colisão Traseira";0;0;2;0;0;0;0;0;0;0;0;2;0;0;0
"28/06/2023";"04:44:00";"262";"AC03-ACIDE";"908.295";"BR-163/MT";"Norte";"Colisão Frontal";2;0;0;0;0;0;0;0;0;0;6;0;0;0;0
"29/06/2023";"02:37:00";"11";"AC03-ACIDE";"278.93";"BR-163/PA";"Sul";"Atropelamento de Animal";1;0;0;0;0;0;0;0;0;0;1;0;0;0;0
"29/06/2023";"05:21:00";"26";"AC02-ACIDE";"1035.78";"BR-163/MT";"Norte";"Colisão Traseira";0;0;0;2;0;0;0;0;0;0;0;2;0;0;0
"29/06/2023";"06:11:00";"30";"AC02-ACIDE";"432.072";"BR-163/PA";"Norte";"Tombamento";0;0;1;0;0;0;0;0;0;0;0;0;1;0;0
"29/06/2023";"06:20:00";"274";"AC03-ACIDE";"897";"BR-163/MT";"Sul";"Colisão Traseira";1;0;0;0;0;1;0;0;0;0;2;0;0;0;0
"29/06/2023";"06:31:00";"276";"AC03-ACIDE";"571.702";"BR-163/PA";"Norte";"Atropelamento - Pedestre";0;0;0;1;0;0;0;0;0;0;3;0;0;0;0
"30/06/2023";"12:37:00";"185";"AC03-ACIDE";"672";"BR-163/PA";"Sul";"Colisão Traseira";0;0;1;0;0;1;0;0;0;0;2;0;0;0;0
"30/06/2023";"12:50:00";"184";"AC03-ACIDE";"104.699";"BR-163/PA";"Sul";"Colisão Lateral";0;0;1;0;1;0;0;0;0;0;2;0;0;0;0
"30/06/2023";"08:31:00";"258";"AC03-ACIDE";"1026.66";"BR-163/MT";"Norte";"Atropelamento de Animal";0;0;1;0;0;0;0;0;0;0;1;0;0;0;0
"30/06/2023";"10:31:00";"265";"AC02-ACIDE";"546.558";"BR-163/PA";"Norte";"Saida de Pista";0;0;1;0;0;3;0;0;0;0;3;1;0;0;0
"30/06/2023";"11:54:00";"273";"AC03-ACIDE";"997.47";"BR-163/MT";"Sul";"Atropelamento de Animal";1;0;0;0;0;0;0;0;0;0;4;0;0;0;0
"01/07/2023";"05:58:00";"34";"AC02-ACIDE";"1040.51";"BR-163/MT";"Norte";"Colisão Lateral";0;0;0;1;0;0;0;0;0;1;2;1;0;0;0
"01/07/2023";"12:25:00";"155";"AC01-ACIDE";"234.712";"BR-163/PA";"Norte";"Colisão Lateral";1;0;1;0;0;0;0;0;0;0;0;2;0;0;1
"01/07/2023";"02:39:00";"177";"AC03-ACIDE";"540.842";"BR-163/PA";"Sul";"Colisão Traseira";0;0;3;0;0;0;0;0;0;0;3;0;0;0;0
"01/07/2023";"04:36:00";"198";"AC02-ACIDE";"879.614";"BR-163/MT";"Norte";"Tombamento";0;0;1;0;0;0;0;0;0;0;0;3;0;0;0
"01/07/2023";"10:20:00";"235";"AC02-ACIDE";"1127.74";"BR-230/PA";"Oeste";"Queda de Moto";0;0;0;1;0;0;0;0;0;0;0;2;0;0;0
"02/07/2023";"03:38:00";"18";"AC03-ACIDE";"958.259";"BR-163/MT";"Sul";"Atropelamento de Animal";1;0;0;0;0;0;0;0;0;0;3;0;0;0;0
"02/07/2023";"05:45:00";"23";"AC01-ACIDE";"407.67";"BR-163/PA";"Sul";"Colisão Lateral";0;0;0;1;0;1;0;0;0;0;1;0;0;0;2
"02/07/2023";"07:38:00";"58";"AC02-ACIDE";"483.061";"BR-163/PA";"Sul";"Colisão Lateral";0;0;1;0;0;2;0;0;0;1;5;3;0;0;0
"02/07/2023";"10:40:00";"133";"AC02-ACIDE";"158.501";"BR-163/PA";"Sul";"Colisão Traseira";0;0;0;1;0;1;0;0;0;0;1;1;0;0;0
"02/07/2023";"05:32:00";"207";"AC02-ACIDE";"1082.82";"BR-163/MT";"Sul";"Saida de Pista";1;0;0;0;0;0;0;0;0;0;0;1;0;0;0
"03/07/2023";"07:01:00";"54";"AC02-ACIDE";"263";"BR-163/PA";"Norte";"Tombamento";0;0;1;0;0;2;0;0;0;0;2;1;0;0;0
"03/07/2023";"07:27:00";"65";"AC02-ACIDE";"589.399";"BR-163/PA";"Norte";"Tombamento";0;0;1;0;0;2;0;0;0;0;3;1;0;0;0
"03/07/2023";"12:01:00";"180";"AC02-ACIDE";"1110.85";"BR-163/MT";"Norte";"Colisão Lateral";0;0;2;0;0;5;0;0;0;0;5;3;0;0;0
"03/07/2023";"01:15:00";"197";"AC03-ACIDE";"897";"BR-163/MT";"Sul";"Colisão Traseira";1;0;1;0;0;0;0;0;0;0;6;0;0;0;0
"03/07/2023";"09:40:00";"316";"AC02-ACIDE";"68.674";"BR-163/PA";"Norte";"Colisão Traseira";0;0;2;0;0;0;0;0;0;0;1;2;0;0;0
"04/07/2023";"05:04:00";"21";"AC03-ACIDE";"1048.23";"BR-163/MT";"Norte";"Saida de Pista";1;0;0;0;0;0;0;0;0;0;1;0;0;0;0
"04/07/2023";"03:56:00";"171";"AC02-ACIDE";"889.786";"BR-163/MT";"Sul";"Colisão Traseira";1;0;1;0;0;0;0;0;0;0;3;2;0;0;0
"04/07/2023";"04:58:00";"179";"AC03-ACIDE";"8";"BR-163/PA";"Norte";"Colisão Lateral";0;0;2;0;0;0;0;0;0;0;2;0;0;0;0
"04/07/2023";"08:48:00";"206";"AC02-ACIDE";"535";"BR-163/PA";"Norte";"Tombamento";0;0;1;0;0;3;0;0;0;0;3;1;0;0;0
"05/07/2023";"12:48:00";"174";"AC03-ACIDE";"1101.08";"BR-230/PA";"Leste";"Colisão Traseira";0;0;1;0;0;1;0;0;0;0;2;0;0;0;0
"05/07/2023";"01:33:00";"187";"AC03-ACIDE";"1070.74";"BR-163/MT";"Sul";"Saida de Pista";0;0;1;0;0;0;0;0;0;0;1;0;0;0;0
"05/07/2023";"09:03:00";"237";"AC02-ACIDE";"560.915";"BR-163/PA";"Norte";"Queda de Moto";0;0;0;1;0;0;0;0;0;0;0;1;0;0;0
"06/07/2023";"08:49:00";"101";"AC03-ACIDE";"471.653";"BR-163/PA";"Sul";"Colisão Lateral";1;0;1;0;0;0;0;0;0;0;5;0;0;0;0
"06/07/2023";"08:52:00";"104";"AC01-ACIDE";"307.45";"BR-163/PA";"Norte";"Colisão Frontal";0;0;1;0;0;2;0;0;0;1;2;1;0;0;1
"06/07/2023";"03:26:00";"212";"AC02-ACIDE";"36.3";"BR-163/PA";"Norte";"Tombamento";0;0;1;0;0;2;0;0;0;0;2;2;0;0;0
"07/07/2023";"10:20:00";"150";"AC02-ACIDE";"940";"BR-163/MT";"Sul";"Saida de Pista";0;0;0;0;0;0;0;0;0;1;3;1;0;0;0
"08/07/2023";"01:18:00";"14";"AC02-ACIDE";"503.544";"BR-163/PA";"Norte";"Saida de Pista";0;0;1;0;0;1;0;0;0;0;1;2;0;0;0
"08/07/2023";"01:58:00";"19";"AC02-ACIDE";"859.077";"BR-163/MT";"Sul";"Saida de Pista";1;0;0;0;0;0;0;0;0;0;0;2;0;0;0
"08/07/2023";"04:31:00";"35";"AC02-ACIDE";"71.486";"BR-163/PA";"Norte";"Saida de Pista";0;0;1;0;0;0;0;0;0;0;0;1;0;0;0
"08/07/2023";"11:50:00";"127";"AC02-ACIDE";"547.574";"BR-163/PA";"Sul";"Colisão Traseira";0;0;0;1;1;0;0;0;0;0;1;1;0;0;0
"08/07/2023";"03:29:00";"165";"AC01-ACIDE";"1121.6";"BR-230/PA";"Leste";"Colisão Frontal";0;0;1;1;0;2;0;0;0;0;3;0;0;0;1
"08/07/2023";"07:36:00";"191";"AC02-ACIDE";"1036.70";"BR-163/MT";"Sul";"Engavetamento";2;0;0;0;0;1;0;0;0;0;4;2;0;0;0
"09/07/2023";"02:07:00";"9";"AC03-ACIDE";"909.362";"BR-163/MT";"Sul";"Saida de Pista";0;0;1;0;0;3;0;0;0;0;4;0;0;0;0
"09/07/2023";"10:50:00";"82";"AC03-ACIDE";"575";"BR-163/PA";"Sul";"Colisão Traseira";0;0;2;0;0;0;0;0;0;0;2;0;0;0;0
"09/07/2023";"11:20:00";"85";"AC01-ACIDE";"645.453";"BR-163/PA";"Norte";"Queda de Moto";0;0;1;1;0;2;0;0;0;0;3;0;0;0;1
"09/07/2023";"07:39:00";"149";"AC03-ACIDE";"196.849";"BR-163/PA";"Sul";"Saida de Pista";1;0;0;0;0;0;0;0;0;0;1;0;0;0;0
"09/07/2023";"07:50:00";"151";"AC03-ACIDE";"1117.69";"BR-230/PA";"Oeste";"Colisão Lateral";0;0;1;0;0;3;0;0;0;1;5;0;0;0;0
"10/07/2023";"02:40:00";"236";"AC02-ACIDE";"280";"BR-163/PA";"Norte";"Colisão Traseira";0;0;2;0;0;1;0;0;0;0;2;2;0;0;0
"10/07/2023";"06:31:00";"300";"AC02-ACIDE";"626.01";"BR-163/PA";"Sul";"Atropelamento - Pedestre";0;0;1;0;0;0;0;0;0;0;0;2;0;0;0
"10/07/2023";"06:58:00";"307";"AC03-ACIDE";"856";"BR-163/MT";"Norte";"Objeto lançado contra veículo";1;0;0;0;0;0;0;0;0;0;1;0;0;0;0
"10/07/2023";"09:18:00";"326";"AC03-ACIDE";"989.8";"BR-163/MT";"Norte";"Colisão Traseira";0;0;0;0;0;1;0;0;0;1;3;0;0;0;0
"11/07/2023";"07:30:00";"82";"AC02-ACIDE";"1040.27";"BR-163/MT";"Norte";"Atropelamento - Ciclista";0;1;0;1;0;0;0;0;0;0;0;1;1;0;0
"11/07/2023";"06:52:00";"300";"AC03-ACIDE";"887.02";"BR-163/MT";"Norte";"Colisão Traseira";0;0;1;0;0;0;0;0;0;1;4;0;0;0;0
"11/07/2023";"07:46:00";"304";"AC02-ACIDE";"890.014";"BR-163/MT";"Norte";"Queda de Moto";0;0;0;1;0;0;0;0;0;0;0;1;0;0;0
"12/07/2023";"04:52:00";"28";"AC02-ACIDE";"614";"BR-163/PA";"Sul";"Colisão Lateral";0;0;4;0;0;0;0;0;0;0;3;1;0;0;0
"12/07/2023";"07:26:00";"53";"AC02-ACIDE";"105.023";"BR-163/PA";"Norte";"Tombamento";0;0;1;0;0;2;0;0;0;0;3;3;0;0;0