data;horario;n_da_ocorrencia;tipo_de_ocorrencia;km;trecho;sentido;tipo_de_acidente;automovel;bicicleta;caminhao;moto;onibus;outros;tracao_animal;transporte_de_cargas_especiais;trator_maquinas;utilitarios;ilesos;levemente_feridos;moderadamente_feridos;gravemente_feridos;mortos
"01/12/2023";"07:26:00";"35";"AC02-ACIDE";"408.5";"BR-163/PA";"Sul";"Queda de Moto";0;0;0;1;0;0;0;0;0;0;0;3;0;0;0
"01/12/2023";"08:42:00";"58";"AC02-ACIDE";"532.99";"BR-163/PA";"Norte";"Colisão Traseira";0;0;1;0;0;0;0;0;0;1;0;5;0;0;0
"01/12/2023";"02:58:00";"119";"AC02-ACIDE";"954.8";"BR-163/MT";"Norte";"Colisão Traseira";0;0;2;0;0;1;0;0;0;0;2;1;0;0;0
"01/12/2023";"11:51:00";"200";"AC03-ACIDE";"41.686";"BR-163/PA";"Sul";"Choque - Arvore";1;0;0;0;0;0;0;0;0;0;5;0;0;0;0
"02/12/2023";"12:25:00";"2";"AC03-ACIDE";"913.719";"BR-163/MT";"Norte";"Saida de Pista";0;0;0;0;0;0;0;0;0;1;1;0;0;0;0
"02/12/2023";"08:06:00";"46";"AC02-ACIDE";"674";"BR-163/PA";"Sul";"Colisão Frontal";0;0;0;1;0;0;0;0;0;1;1;1;0;0;0
"02/12/2023";"09:58:00";"67";"AC03-ACIDE";"498.587";"BR-163/PA";"Norte";"Colisão Lateral";0;0;1;0;0;0;0;0;0;1;3;0;0;0;0
"02/12/2023";"11:32:00";"84";"AC02-ACIDE";"625";"BR-163/PA";"Norte";"Colisão Lateral";0;0;0;2;0;0;0;0;0;1;1;2;0;0;0
"02/12/2023";"05:35:00";"125";"AC02-ACIDE";"301.57";"BR-163/PA";"Sul";"Colisão Lateral";0;0;1;1;0;2;0;0;0;0;3;0;1;0;0
"02/12/2023";"08:11:00";"134";"AC03-ACIDE";"998.41";"BR-163/MT";"Norte";"Atropelamento de Animal";1;0;0;0;0;0;0;0;0;0;4;0;0;0;0
"03/12/2023";"01:45:00";"92";"AC03-ACIDE";"1085.93";"BR-163/MT";"Norte";"Incêndio";0;0;1;0;0;0;0;0;0;0;1;0;0;0;0
"03/12/2023";"02:52:00";"99";"AC02-ACIDE";"336";"BR-163/PA";"Norte";"Queda de Moto";1;0;0;1;0;0;0;0;0;0;1;1;0;0;0
"03/12/2023";"07:18:00";"121";"AC03-ACIDE";"1113";"BR-230/PA";"Leste";"Colisão Lateral";1;0;0;0;0;0;0;0;0;0;1;0;0;0;0
"03/12/2023";"08:50:00";"139";"AC03-ACIDE";"1029";"BR-163/MT";"Norte";"Colisão Traseira";1;0;0;0;0;0;0;0;0;1;2;0;0;0;0
"04/12/2023";"01:05:00";"10";"AC02-ACIDE";"1032.55";"BR-163/MT";"Sul";"Colisão Traseira";0;0;0;1;0;1;0;0;0;0;1;2;0;0;0
"04/12/2023";"10:40:00";"103";"AC02-ACIDE";"43";"BR-163/PA";"Norte";"Capotamento";1;0;0;0;0;0;0;0;0;0;0;1;0;1;0
"05/12/2023";"01:31:00";"10";"AC02-ACIDE";"266.269";"BR-163/PA";"Norte";"Choque - Arvore";0;0;0;0;0;0;0;0;0;1;0;1;0;0;0
"05/12/2023";"06:27:00";"48";"AC03-ACIDE";"918";"BR-163/MT";"Norte";"Colisão Lateral";1;0;0;0;0;1;0;0;0;0;2;0;0;0;0
"05/12/2023";"07:37:00";"69";"AC03-ACIDE";"997";"BR-163/MT";"Norte";"Colisão Traseira";0;0;0;0;0;1;0;0;0;1;2;0;0;0;0
"05/12/2023";"09:03:00";"213";"AC03-ACIDE";"626";"BR-163/PA";"Norte";"Queda de Moto";0;0;0;1;0;0;0;0;0;0;1;0;0;0;0
"06/12/2023";"09:00:00";"61";"AC03-ACIDE";"421";"BR-163/PA";"Norte";"Colisão Lateral";0;0;1;0;0;0;0;0;0;0;1;0;0;0;0
"06/12/2023";"06:55:00";"156";"AC03-ACIDE";"986.144";"BR-163/MT";"Sul";"Saida de Pista";0;0;1;0;0;0;0;0;0;0;1;0;0;0;0
"07/12/2023";"05:25:00";"34";"AC02-ACIDE";"170.695";"BR-163/PA";"Sul";"Atropelamento de Animal";0;0;0;0;0;0;0;0;0;1;0;2;0;0;0
"07/12/2023";"08:25:00";"208";"AC03-ACIDE";"1033.06";"BR-163/MT";"Norte";"Saida de Pista";0;0;1;0;0;0;0;0;0;0;1;0;0;0;0
"07/12/2023";"09:23:00";"214";"AC01-ACIDE";"568.724";"BR-163/PA";"Norte";"Atropelamento de Animal";0;0;0;1;0;0;0;0;0;0;0;0;0;0;1
"08/12/2023";"04:45:00";"26";"AC02-ACIDE";"1054.11";"BR-163/MT";"Norte";"Atropelamento de Animal";1;0;0;0;0;0;0;0;0;0;0;1;0;0;0
"08/12/2023";"06:13:00";"31";"AC02-ACIDE";"1011.42";"BR-163/MT";"Norte";"Colisão Lateral";1;0;1;0;0;0;0;0;0;0;2;1;0;0;0
"08/12/2023";"06:04:00";"151";"AC02-ACIDE";"1081";"BR-163/MT";"Norte";"Colisão Transversal";0;0;0;1;0;0;0;0;0;1;2;1;0;0;0
"08/12/2023";"07:47:00";"161";"AC02-ACIDE";"222.559";"BR-163/PA";"Norte";"Colisão Frontal";0;0;2;0;0;4;0;0;0;0;4;2;0;0;0
"09/12/2023";"02:29:00";"10";"AC02-ACIDE";"354.538";"BR-163/PA";"Sul";"Saida de Pista";0;0;0;0;0;0;0;0;0;1;0;1;0;0;0
"09/12/2023";"06:22:00";"26";"AC02-ACIDE";"930.958";"BR-163/MT";"Sul";"Saida de Pista";1;0;0;0;0;0;0;0;0;0;0;2;0;0;0
"09/12/2023";"09:14:00";"60";"AC03-ACIDE";"999";"BR-163/MT";"Norte";"Colisão Traseira";0;0;2;0;0;1;0;0;0;0;3;0;0;0;0
"09/12/2023";"10:28:00";"172";"AC02-ACIDE";"894.211";"BR-163/MT";"Norte";"Capotamento";1;0;0;0;0;0;0;0;0;0;0;1;0;0;0
"10/12/2023";"07:02:00";"46";"AC02-ACIDE";"336.863";"BR-163/PA";"Norte";"Tombamento";0;0;1;0;0;0;0;0;0;0;0;1;0;0;0
"10/12/2023";"06:30:00";"138";"AC03-ACIDE";"158.647";"BR-163/PA";"Sul";"Colisão Lateral";1;0;0;1;0;0;0;0;0;0;2;0;0;0;0
"10/12/2023";"07:31:00";"143";"AC03-ACIDE";"865.432";"BR-163/MT";"Sul";"Atropelamento de Animal";1;0;0;0;0;0;0;0;0;0;1;0;0;0;0
"11/12/2023";"12:32:00";"2";"AC02-ACIDE";"970.294";"BR-163/MT";"Sul";"Tombamento";0;0;1;0;0;0;0;0;0;0;0;1;0;0;0
"11/12/2023";"05:59:00";"15";"AC02-ACIDE";"970.41";"BR-163/MT";"Sul";"Colisão Lateral";0;0;0;0;0;1;0;0;0;1;1;3;0;0;0
"11/12/2023";"08:10:00";"38";"AC01-ACIDE";"518.889";"BR-163/PA";"Norte";"Queda de Moto";0;0;0;1;0;0;0;0;0;0;0;0;0;0;1
"11/12/2023";"08:37:00";"45";"AC02-ACIDE";"1056.5";"BR-163/MT";"Norte";"Capotamento";0;0;1;0;0;0;0;0;0;0;1;1;0;0;0
"11/12/2023";"11:58:00";"79";"AC02-ACIDE";"1104.5";"BR-163/MT";"Norte";"Tombamento";0;0;1;0;0;0;0;0;0;0;0;1;0;0;0
"11/12/2023";"08:07:00";"166";"AC02-ACIDE";"215.007";"BR-163/PA";"Norte";"Atropelamento de Animal";1;0;0;0;0;0;0;0;0;0;0;3;0;0;0
"12/12/2023";"03:22:00";"132";"AC02-ACIDE";"934";"BR-163/MT";"Norte";"Colisão Traseira";0;0;2;0;0;0;0;0;0;0;3;1;0;0;0
"12/12/2023";"08:29:00";"165";"AC02-ACIDE";"873.12";"BR-163/MT";"Sul";"Queda de Moto";0;0;0;1;0;0;0;0;0;0;0;1;0;0;0
"13/12/2023";"01:10:00";"13";"AC03-ACIDE";"984.722";"BR-163/MT";"Sul";"Atropelamento de Animal";0;0;0;0;0;0;0;0;0;1;1;0;0;0;0
"13/12/2023";"06:50:00";"40";"AC03-ACIDE";"636";"BR-163/PA";"Norte";"Colisão Traseira";0;0;0;0;0;1;0;0;0;1;4;0;0;0;0
"13/12/2023";"10:15:00";"88";"AC03-ACIDE";"954.5";"BR-163/MT";"Norte";"Colisão Frontal";1;0;1;0;0;0;0;0;0;0;6;0;0;0;0
"13/12/2023";"03:21:00";"126";"AC02-ACIDE";"903";"BR-163/MT";"Sul";"Saida de Pista";1;0;0;0;0;1;0;0;0;0;1;1;0;0;0
"14/12/2023";"03:21:00";"20";"AC03-ACIDE";"925.2";"BR-163/MT";"Sul";"Tombamento";0;0;1;0;0;0;0;0;0;0;1;0;0;0;0
"14/12/2023";"09:07:00";"86";"AC02-ACIDE";"310.372";"BR-163/PA";"Sul";"Colisão Lateral";0;0;0;1;0;0;0;0;0;1;0;3;0;0;0
"14/12/2023";"09:02:00";"177";"AC02-ACIDE";"908.652";"BR-163/MT";"Norte";"Capotamento";1;0;0;0;0;0;0;0;0;0;0;0;2;0;0
"15/12/2023";"12:54:00";"10";"AC03-ACIDE";"151.284";"BR-163/PA";"Norte";"Atropelamento de Animal";0;0;0;0;0;1;0;0;0;0;1;0;0;0;0
"15/12/2023";"01:36:00";"123";"AC03-ACIDE";"971";"BR-163/MT";"Norte";"Colisão Traseira";1;0;1;0;0;0;0;0;0;0;2;0;0;0;0
"15/12/2023";"02:37:00";"133";"AC02-ACIDE";"950";"BR-163/MT";"Norte";"Capotamento";1;0;0;0;0;1;0;0;0;0;1;1;0;0;0
"16/12/2023";"06:09:00";"28";"AC02-ACIDE";"105";"BR-163/PA";"Norte";"Tombamento";0;0;1;0;0;0;0;0;0;0;0;1;0;0;0
"16/12/2023";"07:58:00";"40";"AC03-ACIDE";"310.335";"BR-163/PA";"Norte";"Colisão Lateral";0;0;2;0;0;0;0;0;0;0;3;0;0;0;0
"16/12/2023";"10:31:00";"62";"AC02-ACIDE";"1110.03";"BR-163/MT";"Sul";"Tombamento";0;0;1;0;0;0;0;0;0;0;0;1;0;0;0
"16/12/2023";"12:42:00";"80";"AC03-ACIDE";"279.184";"BR-163/PA";"Norte";"Colisão Lateral";0;0;2;0;0;0;0;0;0;0;4;0;0;0;0
"17/12/2023";"01:00:00";"17";"AC02-ACIDE";"560.389";"BR-163/PA";"Sul";"Atropelamento de Animal";0;0;0;1;0;0;0;0;0;0;0;2;0;0;0
"17/12/2023";"03:34:00";"24";"AC02-ACIDE";"888.151";"BR-163/MT";"Norte";"Saida de Pista";1;0;0;0;0;0;0;0;0;0;0;1;0;0;0
"17/12/2023";"10:06:00";"77";"AC03-ACIDE";"930.5";"BR-163/MT";"Norte";"Colisão Lateral";1;0;0;0;0;0;0;0;0;1;4;0;0;0;0
"17/12/2023";"12:28:00";"103";"AC03-ACIDE";"104.102";"BR-163/PA";"Sul";"Saida de Pista";0;0;0;0;0;0;0;0;0;1;1;0;0;0;0
"17/12/2023";"02:03:00";"118";"AC03-ACIDE";"990.936";"BR-163/MT";"Sul";"Tombamento";0;0;1;0;0;0;0;0;0;0;1;0;0;0;0
"17/12/2023";"07:19:00";"154";"AC03-ACIDE";"393.201";"BR-163/PA";"Sul";"Capotamento";0;0;0;0;0;0;0;0;0;1;1;0;0;0;0
"17/12/2023";"10:25:00";"166";"AC03-ACIDE";"1039.2";"BR-163/MT";"Sul";"Saida de Pista";1;0;0;0;0;0;0;0;0;0;1;0;0;0;0
"18/12/2023";"03:18:00";"124";"AC03-ACIDE";"867.187";"BR-163/MT";"Sul";"Colisão Traseira";0;0;2;0;0;0;0;0;0;0;2;0;0;0;0
"19/12/2023";"06:19:00";"21";"AC02-ACIDE";"958.841";"BR-163/MT";"Norte";"Capotamento";1;0;1;0;0;0;0;0;0;0;2;1;0;0;0
"19/12/2023";"11:34:00";"103";"AC03-ACIDE";"638.931";"BR-163/PA";"Norte";"Colisão Lateral";0;0;1;0;0;0;0;0;0;1;2;0;0;0;0
"19/12/2023";"04:19:00";"133";"AC03-ACIDE";"588.466";"BR-163/PA";"Norte";"Saida de Pista";1;0;0;0;0;0;0;0;0;0;2;0;0;0;0
"19/12/2023";"11:43:00";"186";"AC03-ACIDE";"91.506";"BR-163/PA";"Norte";"Saida de Pista";1;0;0;0;0;0;0;0;0;0;1;0;0;0;0
"20/12/2023";"09:59:00";"76";"AC02-ACIDE";"922.452";"BR-163/MT";"Norte";"Colisão Lateral";0;0;1;0;0;0;0;0;0;1;1;2;1;0;0
"20/12/2023";"10:58:00";"86";"AC01-ACIDE";"922.62";"BR-163/MT";"Norte";"Engavetamento";1;0;0;0;0;0;0;0;0;2;2;0;1;0;1
"20/12/2023";"12:36:00";"92";"AC02-ACIDE";"311.2";"BR-163/PA";"Sul";"Colisão Frontal";0;0;1;1;0;0;0;0;0;0;1;0;0;1;0
"20/12/2023";"01:14:00";"99";"AC03-ACIDE";"1111.73";"BR-163/MT";"Norte";"Colisão Lateral";0;0;2;0;0;0;0;0;0;0;4;0;0;0;0
"20/12/2023";"05:08:00";"129";"AC02-ACIDE";"995.072";"BR-163/MT";"Sul";"Capotamento";0;0;1;0;0;0;0;0;0;0;0;0;1;0;0
"20/12/2023";"07:01:00";"142";"AC02-ACIDE";"279.107";"BR-163/PA";"Norte";"Atropelamento - Pedestre";0;0;0;1;0;0;0;0;0;0;0;1;0;1;0
"21/12/2023";"02:51:00";"123";"AC02-ACIDE";"557.907";"BR-163/PA";"Norte";"Capotamento";0;0;1;0;0;0;0;0;0;0;1;2;0;0;0
"22/12/2023";"06:44:00";"27";"AC03-ACIDE";"139";"BR-163/PA";"Norte";"Saida de Pista";1;0;0;0;0;0;0;0;0;0;4;0;0;0;0
"22/12/2023";"07:30:00";"38";"AC03-ACIDE";"877.188";"BR-163/MT";"Norte";"Saida de Pista";1;0;0;0;0;0;0;0;0;0;2;0;0;0;0
"22/12/2023";"08:48:00";"56";"AC02-ACIDE";"503.72";"BR-163/PA";"Norte";"Tombamento";0;0;1;0;0;0;0;0;0;0;0;1;0;0;0
"22/12/2023";"02:10:00";"111";"AC03-ACIDE";"304.707";"BR-163/PA";"Sul";"Colisão Traseira";0;0;0;0;0;0;0;0;0;2;7;0;0;0;0
"22/12/2023";"02:50:00";"115";"AC03-ACIDE";"868.269";"BR-163/MT";"Norte";"Colisão Lateral";0;0;4;0;0;0;0;0;0;0;5;0;0;0;0
"22/12/2023";"06:15:00";"139";"AC03-ACIDE";"304.694";"BR-163/PA";"Norte";"Colisão Traseira";1;0;0;0;0;0;0;0;0;0;3;0;0;0;0
"22/12/2023";"07:17:00";"145";"AC03-ACIDE";"1034.1";"BR-163/MT";"Norte";"Atropelamento de Animal";0;0;0;0;0;0;0;0;0;1;1;0;0;0;0
"22/12/2023";"09:59:00";"151";"AC03-ACIDE";"1034.5";"BR-163/MT";"Norte";"Saida de Pista";1;0;0;0;0;0;0;0;0;0;1;0;0;0;0
"22/12/2023";"10:42:00";"153";"AC03-ACIDE";"348.45";"BR-163/PA";"Sul";"Atropelamento de Animal";1;0;0;0;0;0;0;0;0;0;1;0;0;0;0
"22/12/2023";"10:50:00";"155";"AC03-ACIDE";"860.1";"BR-163/MT";"Norte";"Colisão Lateral";0;0;2;0;0;0;0;0;0;0;2;0;0;0;0
"23/12/2023";"01:23:00";"106";"AC03-ACIDE";"1054.9";"BR-163/MT";"Sul";"Saida de Pista";0;0;0;0;0;0;0;0;0;1;1;0;0;0;0
"23/12/2023";"02:00:00";"112";"AC03-ACIDE";"251.673";"BR-163/PA";"Norte";"Saida de Pista";0;0;0;0;0;0;0;0;0;1;2;0;0;0;0
"24/12/2023";"12:17:00";"5";"AC02-ACIDE";"363.922";"BR-163/PA";"Sul";"Atropelamento de Animal";0;0;0;1;0;0;0;0;0;0;0;2;0;0;0
"24/12/2023";"05:59:00";"23";"AC03-ACIDE";"900.431";"BR-163/MT";"Norte";"Atropelamento de Animal";0;0;0;0;0;0;0;0;0;1;1;0;0;0;0
"24/12/2023";"06:47:00";"26";"AC03-ACIDE";"615.859";"BR-163/PA";"Norte";"Saida de Pista";0;0;0;0;0;0;0;0;0;1;1;0;0;0;0
"24/12/2023";"04:37:00";"129";"AC03-ACIDE";"304";"BR-163/PA";"Norte";"Colisão Lateral";0;0;0;0;0;0;0;0;0;2;3;0;0;0;0
"24/12/2023";"08:14:00";"146";"AC02-ACIDE";"308.5";"BR-163/PA";"Norte";"Colisão Frontal";1;0;1;0;0;0;0;0;0;0;0;3;0;1;0
"24/12/2023";"08:42:00";"148";"AC02-ACIDE";"1037";"BR-163/MT";"Sul";"Colisão Traseira";0;0;0;0;0;1;0;0;0;1;1;2;0;0;0
"25/12/2023";"02:17:00";"53";"AC03-ACIDE";"1033.91";"BR-163/MT";"Sul";"Saida de Pista";1;0;0;0;0;0;0;0;0;0;1;0;0;0;0
"25/12/2023";"02:17:00";"52";"AC03-ACIDE";"464.03";"BR-163/PA";"Sul";"Saida de Pista";0;0;1;0;0;0;0;0;0;0;1;0;0;0;0
"26/12/2023";"02:50:00";"111";"AC03-ACIDE";"1030.42";"BR-163/MT";"Norte";"Colisão Traseira";1;0;0;0;0;0;0;0;0;1;2;0;0;0;0
"26/12/2023";"04:15:00";"126";"AC03-ACIDE";"148.576";"BR-163/PA";"Sul";"Atropelamento de Animal";0;0;0;2;0;0;0;0;0;0;2;0;0;0;0
"27/12/2023";"08:27:00";"151";"AC02-ACIDE";"345.1";"BR-163/PA";"Norte";"Colisão Frontal";0;0;0;2;0;0;0;0;0;0;0;1;1;0;0
"27/12/2023";"10:29:00";"164";"AC02-ACIDE";"310.339";"BR-163/PA";"Sul";"Colisão Traseira";1;0;0;0;0;1;0;0;0;0;1;1;0;0;0
"28/12/2023";"09:07:00";"52";"AC02-ACIDE";"1015.15";"BR-163/MT";"Norte";"Colisão Traseira";0;0;2;0;0;0;0;0;0;0;0;2;0;0;0
"28/12/2023";"01:57:00";"103";"AC03-ACIDE";"574.833";"BR-163/PA";"Sul";"Colisão Lateral";0;0;0;0;0;1;0;0;0;1;2;0;0;0;0
"29/12/2023";"05:21:00";"149";"AC01-ACIDE";"1127";"BR-230/PA";"Leste";"Colisão Frontal";0;0;1;2;0;0;0;0;0;0;1;1;0;0;1
"30/12/2023";"12:52:00";"4";"AC03-ACIDE";"1016.44";"BR-163/MT";"Norte";"Colisão Traseira";1;0;0;0;0;0;0;0;0;1;2;0;0;0;0
"30/12/2023";"01:55:00";"8";"AC02-ACIDE";"577.438";"BR-163/PA";"Norte";"Carreta deu L";0;0;1;0;0;0;0;0;0;0;0;1;0;0;0
"30/12/2023";"08:06:00";"37";"AC03-ACIDE";"1034.73";"BR-163/MT";"Norte";"Saida de Pista";1;0;0;0;0;0;0;0;0;0;1;0;0;0;0
"30/12/2023";"11:16:00";"81";"AC03-ACIDE";"1037.51";"BR-163/MT";"Norte";"Colisão Traseira";2;0;0;0;0;0;0;0;0;0;2;0;0;0;0
"30/12/2023";"10:21:00";"149";"AC03-ACIDE";"992.773";"BR-163/MT";"Sul";"Atropelamento de Animal";1;0;0;0;0;0;0;0;0;0;3;0;0;0;0
"30/12/2023";"10:46:00";"155";"AC03-ACIDE";"961.142";"BR-163/MT";"Norte";"Atropelamento de Animal";1;0;0;0;0;0;0;0;0;0;3;0;0;0;0
"31/12/2023";"07:05:00";"17";"AC02-ACIDE";"433.927";"BR-163/PA";"Norte";"Tombamento";0;0;1;0;0;0;0;0;0;0;0;0;1;0;0
"01/04/2024";"12:50:00";"58";"Com vítima";"1041,00";"BR-163/MT";"Crescente";"Colisão traseira";0;0;1;1;0;0;0;0;0;0;0;0;0;0;1
"01/04/2024";"05:13:00";"80";"Com vítima";"1113,12";"BR-230/MT";"Decrescente";"Tombamento";0;0;1;0;0;0;0;0;0;0;0;0;0;0;0
"01/04/2024";"08:26:00";"84";"Sem vítima";"1064,09";"BR-163/MT";"Decrescente";"Saída de pista";0;0;1;0;0;0;0;0;0;0;1;0;0;0;0
"01/04/2024";"10:42:00";"132";"Sem vítima";"209,572";"BR-163/MT";"Decrescente";"Choque";0;0;1;0;0;0;0;0;0;0;1;0;0;0;0
"01/04/2024";"01:53:00";"140";"Sem vítima";"1033,00";"BR-163/MT";"Decrescente";"Colisão traseira";0;0;2;0;0;0;0;0;0;0;1;0;0;0;0
"02/04/2024";"07:29:00";"127";"Sem vítima";"1103,75";"BR-163/MT";"Crescente";"Colisão lateral no mesmo sentido";0;0;2;0;0;0;0;0;0;0;2;0;0;0;0
"03/04/2024";"06:29:00";"58";"Sem vítima";"1026,78";"BR-163/MT";"Crescente";"Colisão traseira";0;0;2;0;0;0;0;0;0;0;2;0;0;0;0
"03/04/2024";"08:36:00";"163";"Com vítima";"241,470";"BR-163/MT";"Crescente";"Tombamento";0;0;1;0;0;0;0;0;0;0;0;0;0;0;0
"03/04/2024";"10:00:00";"172";"Sem vítima";"946,000";"BR-163/MT";"Decrescente";"Colisão lateral no mesmo sentido";0;0;2;0;0;0;0;0;0;0;2;0;0;0;0
"04/04/2024";"06:35:00";"99";"Sem vítima";"104,797";"BR-163/MT";"Crescente";"Tombamento";0;0;1;0;0;0;0;0;0;0;1;0;0;0;0
"04/04/2024";"08:31:00";"111";"Com vítima";"286,313";"BR-163/MT";"Decrescente";"Colisão lateral no mesmo sentido";0;0;2;0;0;0;0;0;0;0;0;0;0;0;1
"04/04/2024";"02:12:00";"130";"Com vítima";"887,510";"BR-163/MT";"Crescente";"Tombamento";0;0;1;0;0;0;0;0;0;0;0;0;0;0;0
"04/04/2024";"09:27:00";"15";"Com vítima";"1113,15";"BR-230/MT";"Crescente";"Saída de pista";0;0;1;0;0;0;0;0;0;0;0;0;0;0;0
"05/04/2024";"03:19:00";"98";"Sem vítima";"288,490";"BR-163/MT";"Crescente";"Saída de pista";0;0;0;0;0;0;0;0;0;1;1;0;0;0;0
"05/04/2024";"12:16:00";"197";"Com vítima";"263,833";"BR-163/MT";"Crescente";"Tombamento";0;0;1;0;0;0;0;0;0;0;0;0;0;0;0
"05/04/2024";"05:21:00";"226";"Com vítima";"460,709";"BR-163/MT";"Crescente";"Colisão lateral no mesmo sentido";0;0;2;0;0;0;0;0;0;0;0;0;0;0;2
"05/04/2024";"06:15:00";"231";"Com vítima";"668,395";"BR-163/MT";"Decrescente";"Queda de moto";0;0;0;1;0;0;0;0;0;0;0;0;0;0;0
"05/04/2024";"09:00:00";"93";"Com vítima";"49,963";"BR-163/MT";"Crescente";"Saída de pista";1;0;0;0;0;0;0;0;0;0;0;0;0;0;0
"06/04/2024";"04:41:00";"97";"Com vítima";"104,500";"BR-163/MT";"Crescente";"Colisão lateral no mesmo sentido";0;0;2;0;0;0;0;0;0;0;1;0;0;0;0
"06/04/2024";"08:46:00";"112";"Com vítima";"911,880";"BR-163/MT";"Crescente";"Colisão traseira";1;0;0;0;0;0;0;0;0;1;0;0;0;0;0
"06/04/2024";"10:09:00";"3";"Com vítima";"1067,07";"BR-163/MT";"Crescente";"Colisão lateral no mesmo sentido";0;0;1;0;0;0;0;0;0;1;1;0;0;0;0
"07/04/2024";"01:25:00";"11";"Sem vítima";"311,420";"BR-163/MT";"Crescente";"Saída de pista";1;0;0;0;0;0;0;0;0;0;1;0;0;0;0
"07/04/2024";"03:46:00";"133";"Sem vítima";"898,326";"BR-163/MT";"Decrescente";"Saída de pista";1;0;0;0;0;0;0;0;0;0;2;0;0;0;0
"08/04/2024";"09:20:00";"141";"Com vítima";"1027,41";"BR-163/MT";"Decrescente";"Choque";1;0;0;0;0;0;0;0;0;0;0;0;0;0;0
"08/04/2024";"04:39:00";"193";"Com vítima";"402,251";"BR-163/MT";"Crescente";"Queda de moto";0;0;0;1;0;0;0;0;0;0;0;0;0;0;0
"09/04/2024";"07:00:00";"143";"Sem vítima";"1126,22";"BR-230/MT";"Decrescente";"Colisão lateral no mesmo sentido";0;0;1;0;0;0;0;0;0;0;1;0;0;0;0
"09/04/2024";"09:46:00";"161";"Com vítima";"310,800";"BR-163/MT";"Crescente";"Colisão frontal";1;0;0;1;0;0;0;0;0;0;0;0;0;0;0
"09/04/2024";"03:06:00";"188";"Com vítima";"1038,10";"BR-163/MT";"Crescente";"Colisão traseira";1;0;0;1;0;0;0;0;0;0;1;0;0;0;0
"10/04/2024";"10:48:00";"138";"Sem vítima";"944,075";"BR-163/MT";"Crescente";"Saída de pista";0;0;1;0;0;0;0;0;0;0;1;0;0;0;0
"10/04/2024";"12:14:00";"148";"Com vítima";"1080,52";"BR-163/MT";"Crescente";"Capotamento";0;0;0;0;0;0;0;0;0;1;0;0;0;0;0
"10/04/2024";"12:48:00";"154";"Sem vítima";"559,000";"BR-163/MT";"Decrescente";"Colisão traseira";0;0;2;0;0;0;0;0;0;0;1;0;0;0;0
"11/04/2024";"04:58:00";"251";"Com vítima";"570,000";"BR-163/MT";"Crescente";"Colisão traseira";0;0;2;0;0;0;0;0;0;0;0;0;0;0;0
"11/04/2024";"05:29:00";"255";"Sem vítima";"1039,47";"BR-163/MT";"Decrescente";"Colisão traseira";1;0;0;0;0;0;0;0;0;0;2;0;0;0;0
"11/04/2024";"06:47:00";"261";"Com vítima";"432,973";"BR-163/MT";"Crescente";"Tombamento";0;0;1;0;0;0;0;0;0;0;0;0;0;0;0
"12/04/2024";"08:14:00";"115";"Com vítima";"1002,41";"BR-163/MT";"Crescente";"Colisão transversal";0;0;0;1;0;0;0;0;0;1;1;0;0;0;1
"12/04/2024";"04:15:00";"166";"Sem vítima";"1113,98";"BR-230/MT";"Decrescente";"Saída de pista";0;0;1;0;0;0;0;0;0;0;2;0;0;0;0
"13/04/2024";"04:25:00";"49";"Sem vítima";"928,634";"BR-163/MT";"Crescente";"Colisão frontal";1;0;1;0;0;0;0;0;0;0;3;0;0;0;0
"13/04/2024";"07:06:00";"157";"Com vítima";"1066,72";"BR-163/MT";"Crescente";"Colisão frontal";0;0;0;1;0;0;0;0;0;0;0;0;0;0;1
"14/04/2024";"01:10:00";"15";"Com vítima";"909,553";"BR-163/MT";"Decrescente";"Capotamento";1;0;0;0;0;0;0;0;0;0;0;0;0;0;1
"14/04/2024";"05:23:00";"133";"Com vítima";"1063,13";"BR-163/MT";"Decrescente";"Colisão traseira";0;0;0;1;0;0;0;0;0;0;0;0;0;0;0